id,firstname,lastname,email
100,Joceline,Ledah,Joceline.Ledah@yopmail.com
101,Arlena,Kesley,Arlena.Kesley@yopmail.com
102,Selia,Glovsky,Selia.Glovsky@yopmail.com
103,Robinia,Harned,Robinia.Harned@yopmail.com
104,Claudina,Jalbert,Claudina.Jalbert@yopmail.com
105,Layla,Janene,Layla.Janene@yopmail.com
106,Tori,Warthman,Tori.Warthman@yopmail.com
107,Trixi,Greyson,Trixi.Greyson@yopmail.com
108,Elise,Ardra,Elise.Ardra@yopmail.com
109,Melina,Hewitt,Melina.Hewitt@yopmail.com
110,Annice,Bakerman,Annice.Bakerman@yopmail.com
111,Kaia,Alfons,Kaia.Alfons@yopmail.com
112,Helsa,Kosey,Helsa.Kosey@yopmail.com
113,Tamqrah,Hartnett,Tamqrah.Hartnett@yopmail.com
114,Blondelle,Schalles,Blondelle.Schalles@yopmail.com
115,Jeanna,Afton,Jeanna.Afton@yopmail.com
116,Rochette,Charmine,Rochette.Charmine@yopmail.com
117,Genevra,Arathorn,Genevra.Arathorn@yopmail.com
118,Demetris,Elbertina,Demetris.Elbertina@yopmail.com
119,Roslyn,Ulphia,Roslyn.Ulphia@yopmail.com
120,Sara-Ann,Si,Sara-Ann.Si@yopmail.com
121,Sidoney,Gherardo,Sidoney.Gherardo@yopmail.com
122,Arlena,Mintz,Arlena.Mintz@yopmail.com
123,Brooks,Erb,Brooks.Erb@yopmail.com
124,Tiffie,Anis,Tiffie.Anis@yopmail.com
125,Adriana,Gower,Adriana.Gower@yopmail.com
126,Britte,Berriman,Britte.Berriman@yopmail.com
127,Esmeralda,Chinua,Esmeralda.Chinua@yopmail.com
128,Zia,Ummersen,Zia.Ummersen@yopmail.com
129,Selia,Schwejda,Selia.Schwejda@yopmail.com
130,Ulrike,Bashemeth,Ulrike.Bashemeth@yopmail.com
131,Berget,Khorma,Berget.Khorma@yopmail.com
132,Ottilie,Quent,Ottilie.Quent@yopmail.com
133,Fidelia,Holtz,Fidelia.Holtz@yopmail.com
134,Adriana,Zola,Adriana.Zola@yopmail.com
135,Kore,Bigner,Kore.Bigner@yopmail.com
136,Zsa Zsa,Terrence,Zsa Zsa.Terrence@yopmail.com
137,Tybie,Jarib,Tybie.Jarib@yopmail.com
138,Yolane,Bevin,Yolane.Bevin@yopmail.com
139,Albertina,Phi,Albertina.Phi@yopmail.com
140,Randa,Tacye,Randa.Tacye@yopmail.com
141,Phylis,Gale,Phylis.Gale@yopmail.com
142,Esmeralda,Cornelia,Esmeralda.Cornelia@yopmail.com
143,June,Ephrem,June.Ephrem@yopmail.com
144,Roz,Elvyn,Roz.Elvyn@yopmail.com
145,Carmela,Riva,Carmela.Riva@yopmail.com
146,Mallory,Noman,Mallory.Noman@yopmail.com
147,Celestyna,Klotz,Celestyna.Klotz@yopmail.com
148,Brooks,Narton,Brooks.Narton@yopmail.com
149,Cristabel,Charity,Cristabel.Charity@yopmail.com
150,Grier,Pauly,Grier.Pauly@yopmail.com
151,Wynne,Havens,Wynne.Havens@yopmail.com
152,Jemie,Amand,Jemie.Amand@yopmail.com
153,Tressa,Maroney,Tressa.Maroney@yopmail.com
154,Andeee,Bari,Andeee.Bari@yopmail.com
155,Tera,Carri,Tera.Carri@yopmail.com
156,Ekaterina,Flita,Ekaterina.Flita@yopmail.com
157,Rubie,Medrek,Rubie.Medrek@yopmail.com
158,Devina,Serilda,Devina.Serilda@yopmail.com
159,Jessamyn,Elvyn,Jessamyn.Elvyn@yopmail.com
160,Edyth,Bergman,Edyth.Bergman@yopmail.com
161,Ilse,Love,Ilse.Love@yopmail.com
162,Ginnie,Stacy,Ginnie.Stacy@yopmail.com
163,Annora,Means,Annora.Means@yopmail.com
164,Georgetta,Teddman,Georgetta.Teddman@yopmail.com
165,Nelle,Libna,Nelle.Libna@yopmail.com
166,Cherilyn,Cyrie,Cherilyn.Cyrie@yopmail.com
167,Netty,Gilbertson,Netty.Gilbertson@yopmail.com
168,Claudina,Kesley,Claudina.Kesley@yopmail.com
169,Aryn,Flita,Aryn.Flita@yopmail.com
170,Mahalia,Tarrant,Mahalia.Tarrant@yopmail.com
171,Elie,Lauraine,Elie.Lauraine@yopmail.com
172,Aaren,Nicoline,Aaren.Nicoline@yopmail.com
173,Justinn,Esmaria,Justinn.Esmaria@yopmail.com
174,Camile,Vastah,Camile.Vastah@yopmail.com
175,Sherrie,Thilda,Sherrie.Thilda@yopmail.com
176,Ayn,Gower,Ayn.Gower@yopmail.com
177,Belva,Ogren,Belva.Ogren@yopmail.com
178,Sharai,Couture,Sharai.Couture@yopmail.com
179,Sallie,Bashemeth,Sallie.Bashemeth@yopmail.com
180,Hyacinthe,Torray,Hyacinthe.Torray@yopmail.com
181,Flory,Gilbertson,Flory.Gilbertson@yopmail.com
182,Alejandra,Cutlerr,Alejandra.Cutlerr@yopmail.com
183,Lauryn,Nahum,Lauryn.Nahum@yopmail.com
184,Elmira,Jethro,Elmira.Jethro@yopmail.com
185,Merrie,Infield,Merrie.Infield@yopmail.com
186,Charlena,Ajay,Charlena.Ajay@yopmail.com
187,Nananne,Zrike,Nananne.Zrike@yopmail.com
188,Meg,Truc,Meg.Truc@yopmail.com
189,Candi,Dudley,Candi.Dudley@yopmail.com
190,Courtnay,Milde,Courtnay.Milde@yopmail.com
191,Tamqrah,Jary,Tamqrah.Jary@yopmail.com
192,Pamella,Linskey,Pamella.Linskey@yopmail.com
193,Amelia,Cassius,Amelia.Cassius@yopmail.com
194,Vonny,Lory,Vonny.Lory@yopmail.com
195,Minda,Mintz,Minda.Mintz@yopmail.com
196,Ada,Lattie,Ada.Lattie@yopmail.com
197,Raf,Raffo,Raf.Raffo@yopmail.com
198,Reeba,Flita,Reeba.Flita@yopmail.com
199,Romona,Glovsky,Romona.Glovsky@yopmail.com
200,Drucie,Grayce,Drucie.Grayce@yopmail.com
201,Addia,Abernon,Addia.Abernon@yopmail.com
202,Janey,Heisel,Janey.Heisel@yopmail.com
203,Glenda,Georgy,Glenda.Georgy@yopmail.com
204,Antonietta,Schlosser,Antonietta.Schlosser@yopmail.com
205,Nickie,Ashely,Nickie.Ashely@yopmail.com
206,Alisha,Jerald,Alisha.Jerald@yopmail.com
207,Andree,Vorster,Andree.Vorster@yopmail.com
208,Willetta,Ailyn,Willetta.Ailyn@yopmail.com
209,Cathie,Virgin,Cathie.Virgin@yopmail.com
210,Ebonee,Socha,Ebonee.Socha@yopmail.com
211,Clarice,Rebecka,Clarice.Rebecka@yopmail.com
212,Adriana,Socha,Adriana.Socha@yopmail.com
213,Janeczka,Adrienne,Janeczka.Adrienne@yopmail.com
214,Aurelie,Knowling,Aurelie.Knowling@yopmail.com
215,Trudie,Bates,Trudie.Bates@yopmail.com
216,Ninnetta,Orlene,Ninnetta.Orlene@yopmail.com
217,Mildrid,Iaverne,Mildrid.Iaverne@yopmail.com
218,Gertrud,Lamoree,Gertrud.Lamoree@yopmail.com
219,Barbara,Heisel,Barbara.Heisel@yopmail.com
220,Chandra,Ricki,Chandra.Ricki@yopmail.com
221,Gale,Felecia,Gale.Felecia@yopmail.com
222,Emmey,Shelba,Emmey.Shelba@yopmail.com
223,Gianina,Hewitt,Gianina.Hewitt@yopmail.com
224,Ada,Sancho,Ada.Sancho@yopmail.com
225,Keelia,Karylin,Keelia.Karylin@yopmail.com
226,Paulita,Brian,Paulita.Brian@yopmail.com
227,Angelique,Evangelia,Angelique.Evangelia@yopmail.com
228,Gerrie,Heisel,Gerrie.Heisel@yopmail.com
229,Leia,Means,Leia.Means@yopmail.com
230,Elena,Douglass,Elena.Douglass@yopmail.com
231,Josephine,Donoghue,Josephine.Donoghue@yopmail.com
232,Elmira,Halla,Elmira.Halla@yopmail.com
233,Elbertina,Fry,Elbertina.Fry@yopmail.com
234,Louella,Verger,Louella.Verger@yopmail.com
235,Adriana,Olin,Adriana.Olin@yopmail.com
236,Deloria,Melan,Deloria.Melan@yopmail.com
237,Dode,Jethro,Dode.Jethro@yopmail.com
238,Marline,Franza,Marline.Franza@yopmail.com
239,Flo,Ardeha,Flo.Ardeha@yopmail.com
240,Hollie,Old,Hollie.Old@yopmail.com
241,Gale,Teryn,Gale.Teryn@yopmail.com
242,Carlie,Germann,Carlie.Germann@yopmail.com
243,Silvana,Dom,Silvana.Dom@yopmail.com
244,Marcelline,Stanwood,Marcelline.Stanwood@yopmail.com
245,Cristine,Amethist,Cristine.Amethist@yopmail.com
246,Gertrud,Leonard,Gertrud.Leonard@yopmail.com
247,Fawne,Milson,Fawne.Milson@yopmail.com
248,Kirstin,Kazimir,Kirstin.Kazimir@yopmail.com
249,Cecile,Seligman,Cecile.Seligman@yopmail.com
250,Dania,Garbe,Dania.Garbe@yopmail.com
251,Glynnis,Abernon,Glynnis.Abernon@yopmail.com
252,Ruthe,Brady,Ruthe.Brady@yopmail.com
253,Miquela,Sibyls,Miquela.Sibyls@yopmail.com
254,Bibby,Seligman,Bibby.Seligman@yopmail.com
255,Collen,Earlie,Collen.Earlie@yopmail.com
256,Jan,Belanger,Jan.Belanger@yopmail.com
257,Janenna,Stoller,Janenna.Stoller@yopmail.com
258,Tarra,Raychel,Tarra.Raychel@yopmail.com
259,Layla,Dalli,Layla.Dalli@yopmail.com
260,Dorene,Kenwood,Dorene.Kenwood@yopmail.com
261,Esmeralda,Sophronia,Esmeralda.Sophronia@yopmail.com
262,Regina,Sisile,Regina.Sisile@yopmail.com
263,Bobinette,Pernick,Bobinette.Pernick@yopmail.com
264,Philis,Bobbee,Philis.Bobbee@yopmail.com
265,Merry,Bultman,Merry.Bultman@yopmail.com
266,Hildegaard,Lilas,Hildegaard.Lilas@yopmail.com
267,Damaris,Bandeen,Damaris.Bandeen@yopmail.com
268,Roxane,Beebe,Roxane.Beebe@yopmail.com
269,Maye,Lea,Maye.Lea@yopmail.com
270,Angelique,Sherfield,Angelique.Sherfield@yopmail.com
271,Malina,Ferrell,Malina.Ferrell@yopmail.com
272,Deedee,Wyn,Deedee.Wyn@yopmail.com
273,Myriam,Remmer,Myriam.Remmer@yopmail.com
274,Wynne,Bultman,Wynne.Bultman@yopmail.com
275,Nessie,Tryck,Nessie.Tryck@yopmail.com
276,Tiffie,Kathie,Tiffie.Kathie@yopmail.com
277,Siana,Mata,Siana.Mata@yopmail.com
278,Lizzie,Arquit,Lizzie.Arquit@yopmail.com
279,Agathe,Dorothy,Agathe.Dorothy@yopmail.com
280,Di,Tyson,Di.Tyson@yopmail.com
281,Sibella,Pernick,Sibella.Pernick@yopmail.com
282,Sashenka,Johnsson,Sashenka.Johnsson@yopmail.com
283,Violet,Zamora,Violet.Zamora@yopmail.com
284,Johna,Croix,Johna.Croix@yopmail.com
285,Abbie,Juliet,Abbie.Juliet@yopmail.com
286,Merle,Fulmer,Merle.Fulmer@yopmail.com
287,Tarra,Gilbertson,Tarra.Gilbertson@yopmail.com
288,Jolyn,Peti,Jolyn.Peti@yopmail.com
289,Dominga,Eno,Dominga.Eno@yopmail.com
290,Susette,Prouty,Susette.Prouty@yopmail.com
291,Lucy,Rad,Lucy.Rad@yopmail.com
292,Aili,Vins,Aili.Vins@yopmail.com
293,June,Chick,June.Chick@yopmail.com
294,Nyssa,Read,Nyssa.Read@yopmail.com
295,Nariko,Glovsky,Nariko.Glovsky@yopmail.com
296,Tarra,Carleen,Tarra.Carleen@yopmail.com
297,Vonny,Selway,Vonny.Selway@yopmail.com
298,Caressa,Christal,Caressa.Christal@yopmail.com
299,Berget,Cyrie,Berget.Cyrie@yopmail.com
300,Ira,Leopold,Ira.Leopold@yopmail.com
301,Keelia,Dom,Keelia.Dom@yopmail.com
302,Constance,Seagraves,Constance.Seagraves@yopmail.com
303,Katleen,Hull,Katleen.Hull@yopmail.com
304,Robbi,Gualtiero,Robbi.Gualtiero@yopmail.com
305,Trudie,Love,Trudie.Love@yopmail.com
306,Elie,Vivle,Elie.Vivle@yopmail.com
307,Renie,Zachary,Renie.Zachary@yopmail.com
308,Lauryn,Bivins,Lauryn.Bivins@yopmail.com
309,Aigneis,Mehalek,Aigneis.Mehalek@yopmail.com
310,Rori,Weaks,Rori.Weaks@yopmail.com
311,Krystle,Marsden,Krystle.Marsden@yopmail.com
312,Agathe,Center,Agathe.Center@yopmail.com
313,Maurene,Papageno,Maurene.Papageno@yopmail.com
314,Marylou,Dielu,Marylou.Dielu@yopmail.com
315,Corly,Beniamino,Corly.Beniamino@yopmail.com
316,Kore,Haldas,Kore.Haldas@yopmail.com
317,Ana,Dyche,Ana.Dyche@yopmail.com
318,Maurene,Tatianas,Maurene.Tatianas@yopmail.com
319,Dyann,Teryn,Dyann.Teryn@yopmail.com
320,Annecorinne,Azeria,Annecorinne.Azeria@yopmail.com
321,Lilith,Obed,Lilith.Obed@yopmail.com
322,Julieta,Eliathas,Julieta.Eliathas@yopmail.com
323,Beatriz,Saree,Beatriz.Saree@yopmail.com
324,Ileana,Fancie,Ileana.Fancie@yopmail.com
325,Robinia,Morehouse,Robinia.Morehouse@yopmail.com
326,Meriel,Emmy,Meriel.Emmy@yopmail.com
327,Nanete,Trace,Nanete.Trace@yopmail.com
328,Livvyy,Fleeta,Livvyy.Fleeta@yopmail.com
329,Vonny,Fennessy,Vonny.Fennessy@yopmail.com
330,Tabbatha,Vernier,Tabbatha.Vernier@yopmail.com
331,Lila,Brunell,Lila.Brunell@yopmail.com
332,Randa,Esmaria,Randa.Esmaria@yopmail.com
333,Gusty,Rheingold,Gusty.Rheingold@yopmail.com
334,Elyssa,Pulsifer,Elyssa.Pulsifer@yopmail.com
335,Shaine,Emerson,Shaine.Emerson@yopmail.com
336,Ulrike,Kamaria,Ulrike.Kamaria@yopmail.com
337,Helena,Aldric,Helena.Aldric@yopmail.com
338,Lesly,Tomasina,Lesly.Tomasina@yopmail.com
339,Sam,Shirberg,Sam.Shirberg@yopmail.com
340,Tarra,Lory,Tarra.Lory@yopmail.com
341,Daphne,Zola,Daphne.Zola@yopmail.com
342,Elmira,Edmund,Elmira.Edmund@yopmail.com
343,Gilda,Simmonds,Gilda.Simmonds@yopmail.com
344,Tomasina,Korey,Tomasina.Korey@yopmail.com
345,Corina,Parsaye,Corina.Parsaye@yopmail.com
346,Corene,Ahab,Corene.Ahab@yopmail.com
347,Kayla,Bobbee,Kayla.Bobbee@yopmail.com
348,Joceline,Zina,Joceline.Zina@yopmail.com
349,Tatiania,Erich,Tatiania.Erich@yopmail.com
350,Adore,Aldric,Adore.Aldric@yopmail.com
351,Myrtice,Deegan,Myrtice.Deegan@yopmail.com
352,Andree,Chick,Andree.Chick@yopmail.com
353,June,Ochs,June.Ochs@yopmail.com
354,Ruthe,Zuzana,Ruthe.Zuzana@yopmail.com
355,Gertrud,Maisey,Gertrud.Maisey@yopmail.com
356,Marline,Arathorn,Marline.Arathorn@yopmail.com
357,Goldie,Zola,Goldie.Zola@yopmail.com
358,Sherrie,Vorster,Sherrie.Vorster@yopmail.com
359,Jasmina,Han,Jasmina.Han@yopmail.com
360,Vonny,Swigart,Vonny.Swigart@yopmail.com
361,Philis,Ricki,Philis.Ricki@yopmail.com
362,Teriann,Waite,Teriann.Waite@yopmail.com
363,Marcy,Deny,Marcy.Deny@yopmail.com
364,Jemie,Revkah,Jemie.Revkah@yopmail.com
365,Elora,Thema,Elora.Thema@yopmail.com
366,Emma,Nester,Emma.Nester@yopmail.com
367,Maye,Vastah,Maye.Vastah@yopmail.com
368,Bibby,Manolo,Bibby.Manolo@yopmail.com
369,Carree,Kirstin,Carree.Kirstin@yopmail.com
370,Ronna,Fulmer,Ronna.Fulmer@yopmail.com
371,Lindie,Lia,Lindie.Lia@yopmail.com
372,Adriana,Donoghue,Adriana.Donoghue@yopmail.com
373,Kary,Deny,Kary.Deny@yopmail.com
374,Christal,Carolin,Christal.Carolin@yopmail.com
375,Nicoli,Earlie,Nicoli.Earlie@yopmail.com
376,Mady,Rolf,Mady.Rolf@yopmail.com
377,Caryl,Hathaway,Caryl.Hathaway@yopmail.com
378,Shaine,Doig,Shaine.Doig@yopmail.com
379,Esmeralda,Atonsah,Esmeralda.Atonsah@yopmail.com
380,Aubrie,Eno,Aubrie.Eno@yopmail.com
381,Bobbi,Soneson,Bobbi.Soneson@yopmail.com
382,Dominga,Charmine,Dominga.Charmine@yopmail.com
383,Verla,Faso,Verla.Faso@yopmail.com
384,Yvonne,Rugen,Yvonne.Rugen@yopmail.com
385,Lizzie,Dielu,Lizzie.Dielu@yopmail.com
386,Christy,Sheng,Christy.Sheng@yopmail.com
387,Jere,Constancy,Jere.Constancy@yopmail.com
388,Lauryn,Felizio,Lauryn.Felizio@yopmail.com
389,Britte,Connelly,Britte.Connelly@yopmail.com
390,Kaja,Mich,Kaja.Mich@yopmail.com
391,Monika,Marisa,Monika.Marisa@yopmail.com
392,Lyssa,Jagir,Lyssa.Jagir@yopmail.com
393,Kittie,Garbe,Kittie.Garbe@yopmail.com
394,Tami,Ade,Tami.Ade@yopmail.com
395,Beverley,Hunfredo,Beverley.Hunfredo@yopmail.com
396,Sharai,Bivins,Sharai.Bivins@yopmail.com
397,Stevana,Taima,Stevana.Taima@yopmail.com
398,Fina,Afton,Fina.Afton@yopmail.com
399,Queenie,Tacye,Queenie.Tacye@yopmail.com
400,Angelique,Linehan,Angelique.Linehan@yopmail.com
401,Edith,Gaulin,Edith.Gaulin@yopmail.com
402,Marita,Douglass,Marita.Douglass@yopmail.com
403,Lynea,Thema,Lynea.Thema@yopmail.com
404,Cacilie,Linskey,Cacilie.Linskey@yopmail.com
405,Bee,Suzetta,Bee.Suzetta@yopmail.com
406,Magdalena,Schroth,Magdalena.Schroth@yopmail.com
407,Esmeralda,Caitlin,Esmeralda.Caitlin@yopmail.com
408,Caritta,Loeb,Caritta.Loeb@yopmail.com
409,Raf,Chobot,Raf.Chobot@yopmail.com
410,Rosaline,Ricarda,Rosaline.Ricarda@yopmail.com
411,Mireielle,Mehalek,Mireielle.Mehalek@yopmail.com
412,Joane,Zachary,Joane.Zachary@yopmail.com
413,Susette,Goerke,Susette.Goerke@yopmail.com
414,Shandie,Lamoree,Shandie.Lamoree@yopmail.com
415,Gratia,Modie,Gratia.Modie@yopmail.com
416,Beverley,Silvan,Beverley.Silvan@yopmail.com
417,Ilse,Glenden,Ilse.Glenden@yopmail.com
418,Annice,Jethro,Annice.Jethro@yopmail.com
419,Rosanne,Caitlin,Rosanne.Caitlin@yopmail.com
420,Zsa Zsa,Richers,Zsa Zsa.Richers@yopmail.com
421,Melodie,Artie,Melodie.Artie@yopmail.com
422,Rosanne,Ardeha,Rosanne.Ardeha@yopmail.com
423,Eugine,Seagraves,Eugine.Seagraves@yopmail.com
424,Babita,Riordan,Babita.Riordan@yopmail.com
425,Cristabel,Cristi,Cristabel.Cristi@yopmail.com
426,Leona,Pip,Leona.Pip@yopmail.com
427,Diena,Casimir,Diena.Casimir@yopmail.com
428,Kamilah,August,Kamilah.August@yopmail.com
429,Ayn,Penelopa,Ayn.Penelopa@yopmail.com
430,Anica,Heisel,Anica.Heisel@yopmail.com
431,Veda,Ursulette,Veda.Ursulette@yopmail.com
432,Mamie,Yusuk,Mamie.Yusuk@yopmail.com
433,Clo,Demitria,Clo.Demitria@yopmail.com
434,Shandie,Thornburg,Shandie.Thornburg@yopmail.com
435,Peri,Evvie,Peri.Evvie@yopmail.com
436,Valeda,Wenda,Valeda.Wenda@yopmail.com
437,Cacilie,Ledah,Cacilie.Ledah@yopmail.com
438,Heddie,Simmonds,Heddie.Simmonds@yopmail.com
439,Dulcinea,Hanshaw,Dulcinea.Hanshaw@yopmail.com
440,Josephine,Waite,Josephine.Waite@yopmail.com
441,Kalina,Ilka,Kalina.Ilka@yopmail.com
442,Lorenza,Celestine,Lorenza.Celestine@yopmail.com
443,Elvira,Baudin,Elvira.Baudin@yopmail.com
444,Ariela,Marisa,Ariela.Marisa@yopmail.com
445,Elora,Bashemeth,Elora.Bashemeth@yopmail.com
446,Brooks,Cecile,Brooks.Cecile@yopmail.com
447,Katleen,Ammann,Katleen.Ammann@yopmail.com
448,Jackie,Haerr,Jackie.Haerr@yopmail.com
449,Ira,Ramona,Ira.Ramona@yopmail.com
450,Adriana,O'Neill,Adriana.O'Neill@yopmail.com
451,Claresta,Ventre,Claresta.Ventre@yopmail.com
452,Brena,Autrey,Brena.Autrey@yopmail.com
453,Mamie,Adalbert,Mamie.Adalbert@yopmail.com
454,Claudina,Rolf,Claudina.Rolf@yopmail.com
455,Dulcinea,Quent,Dulcinea.Quent@yopmail.com
456,Liana,Nance,Liana.Nance@yopmail.com
457,Trixi,Anderea,Trixi.Anderea@yopmail.com
458,Gui,Rosemary,Gui.Rosemary@yopmail.com
459,Gui,Ferino,Gui.Ferino@yopmail.com
460,Libbie,Ledah,Libbie.Ledah@yopmail.com
461,Farrah,Earlie,Farrah.Earlie@yopmail.com
462,Atlanta,Hessler,Atlanta.Hessler@yopmail.com
463,Sibella,Aida,Sibella.Aida@yopmail.com
464,Helena,Karna,Helena.Karna@yopmail.com
465,Justinn,Annice,Justinn.Annice@yopmail.com
466,Annaliese,Alva,Annaliese.Alva@yopmail.com
467,Lynnea,Yuille,Lynnea.Yuille@yopmail.com
468,Harmonia,Dorothy,Harmonia.Dorothy@yopmail.com
469,Corry,Tamsky,Corry.Tamsky@yopmail.com
470,Lynnea,Seligman,Lynnea.Seligman@yopmail.com
471,Augustine,Cornelia,Augustine.Cornelia@yopmail.com
472,Priscilla,Roxanna,Priscilla.Roxanna@yopmail.com
473,Kimmy,Parette,Kimmy.Parette@yopmail.com
474,Deirdre,Izaak,Deirdre.Izaak@yopmail.com
475,Mallory,Leary,Mallory.Leary@yopmail.com
476,Janey,Greenwald,Janey.Greenwald@yopmail.com
477,Janis,Thunell,Janis.Thunell@yopmail.com
478,Andree,Chobot,Andree.Chobot@yopmail.com
479,Ericka,Solitta,Ericka.Solitta@yopmail.com
480,Beatriz,Colleen,Beatriz.Colleen@yopmail.com
481,Queenie,McNully,Queenie.McNully@yopmail.com
482,Audrie,Toni,Audrie.Toni@yopmail.com
483,Siana,Darbie,Siana.Darbie@yopmail.com
484,Kittie,Dorine,Kittie.Dorine@yopmail.com
485,Audrie,Tufts,Audrie.Tufts@yopmail.com
486,Petronia,Faro,Petronia.Faro@yopmail.com
487,Florie,Rooney,Florie.Rooney@yopmail.com
488,Goldie,Caitlin,Goldie.Caitlin@yopmail.com
489,Barbi,Vharat,Barbi.Vharat@yopmail.com
490,Tersina,Latini,Tersina.Latini@yopmail.com
491,Carly,Hailee,Carly.Hailee@yopmail.com
492,Arabel,Aida,Arabel.Aida@yopmail.com
493,Gwyneth,Ariella,Gwyneth.Ariella@yopmail.com
494,Rebeca,Camden,Rebeca.Camden@yopmail.com
495,Sashenka,Georgy,Sashenka.Georgy@yopmail.com
496,Florencia,Even,Florencia.Even@yopmail.com
497,Lily,Alarise,Lily.Alarise@yopmail.com
498,Tierney,Loleta,Tierney.Loleta@yopmail.com
499,Verla,Tjon,Verla.Tjon@yopmail.com
500,Ronna,Cloris,Ronna.Cloris@yopmail.com
501,Katuscha,Quent,Katuscha.Quent@yopmail.com
502,Marjie,Delila,Marjie.Delila@yopmail.com
503,Willetta,Sheedy,Willetta.Sheedy@yopmail.com
504,Regina,Amand,Regina.Amand@yopmail.com
505,Nollie,Fennessy,Nollie.Fennessy@yopmail.com
506,Celisse,Grobe,Celisse.Grobe@yopmail.com
507,Louella,Dielu,Louella.Dielu@yopmail.com
508,Cathyleen,Stephie,Cathyleen.Stephie@yopmail.com
509,Cissiee,Gilmour,Cissiee.Gilmour@yopmail.com
510,Tera,Yerkovich,Tera.Yerkovich@yopmail.com
511,Cherilyn,Modie,Cherilyn.Modie@yopmail.com
512,Paule,Obed,Paule.Obed@yopmail.com
513,Audrie,Vernier,Audrie.Vernier@yopmail.com
514,Janenna,Gregrory,Janenna.Gregrory@yopmail.com
515,Lorne,Jess,Lorne.Jess@yopmail.com
516,Roberta,Jacobah,Roberta.Jacobah@yopmail.com
517,Kathy,Sammons,Kathy.Sammons@yopmail.com
518,Florencia,Pulsifer,Florencia.Pulsifer@yopmail.com
519,Max,Sandye,Max.Sandye@yopmail.com
520,Alameda,McClimans,Alameda.McClimans@yopmail.com
521,Rebeca,Chandler,Rebeca.Chandler@yopmail.com
522,Candi,Kellby,Candi.Kellby@yopmail.com
523,Edee,Ader,Edee.Ader@yopmail.com
524,Tersina,Adore,Tersina.Adore@yopmail.com
525,Penelopa,Larochelle,Penelopa.Larochelle@yopmail.com
526,Michaelina,Bigner,Michaelina.Bigner@yopmail.com
527,Sheree,Arley,Sheree.Arley@yopmail.com
528,Kelly,Podvin,Kelly.Podvin@yopmail.com
529,Mathilda,Raimondo,Mathilda.Raimondo@yopmail.com
530,Amara,Linehan,Amara.Linehan@yopmail.com
531,Vita,Vernier,Vita.Vernier@yopmail.com
532,Nananne,Gordon,Nananne.Gordon@yopmail.com
533,Ardeen,Adrienne,Ardeen.Adrienne@yopmail.com
534,Loree,Dalli,Loree.Dalli@yopmail.com
535,Elvira,Marijo,Elvira.Marijo@yopmail.com
536,Tori,Malanie,Tori.Malanie@yopmail.com
537,Giustina,Loring,Giustina.Loring@yopmail.com
538,Jackie,Irmine,Jackie.Irmine@yopmail.com
539,Aigneis,Tayib,Aigneis.Tayib@yopmail.com
540,Fina,Phyllis,Fina.Phyllis@yopmail.com
541,Roberta,Goode,Roberta.Goode@yopmail.com
542,Emilia,Roxanna,Emilia.Roxanna@yopmail.com
543,Nariko,Stelle,Nariko.Stelle@yopmail.com
544,Lesly,Donell,Lesly.Donell@yopmail.com
545,Vivia,Bevin,Vivia.Bevin@yopmail.com
546,Christal,Hathaway,Christal.Hathaway@yopmail.com
547,Cristabel,Doig,Cristabel.Doig@yopmail.com
548,Lexine,Cyrie,Lexine.Cyrie@yopmail.com
549,Melanie,Dash,Melanie.Dash@yopmail.com
550,Ursulina,Sothena,Ursulina.Sothena@yopmail.com
551,Arabel,Schlosser,Arabel.Schlosser@yopmail.com
552,Alisha,Callista,Alisha.Callista@yopmail.com
553,Clo,Schroth,Clo.Schroth@yopmail.com
554,Verla,Ardra,Verla.Ardra@yopmail.com
555,Livvyy,Wareing,Livvyy.Wareing@yopmail.com
556,Jany,Tomasina,Jany.Tomasina@yopmail.com
557,Alyssa,Wooster,Alyssa.Wooster@yopmail.com
558,Selia,Hessler,Selia.Hessler@yopmail.com
559,Valera,Wandie,Valera.Wandie@yopmail.com
560,Frank,Rodmann,Frank.Rodmann@yopmail.com
561,Alie,Odysseus,Alie.Odysseus@yopmail.com
562,Abbie,Seligman,Abbie.Seligman@yopmail.com
563,Cathyleen,Autrey,Cathyleen.Autrey@yopmail.com
564,Agnese,Sammons,Agnese.Sammons@yopmail.com
565,Marguerite,Stilwell,Marguerite.Stilwell@yopmail.com
566,Gloria,Sancho,Gloria.Sancho@yopmail.com
567,Chastity,Dielu,Chastity.Dielu@yopmail.com
568,Rivalee,Simmonds,Rivalee.Simmonds@yopmail.com
569,Averyl,Schlosser,Averyl.Schlosser@yopmail.com
570,Eve,Hylan,Eve.Hylan@yopmail.com
571,Ayn,Fulmer,Ayn.Fulmer@yopmail.com
572,Benita,Edison,Benita.Edison@yopmail.com
573,Bertine,Ciapas,Bertine.Ciapas@yopmail.com
574,Gretal,Erb,Gretal.Erb@yopmail.com
575,Mildrid,Nunci,Mildrid.Nunci@yopmail.com
576,Patricia,Cottle,Patricia.Cottle@yopmail.com
577,Meg,Stefa,Meg.Stefa@yopmail.com
578,Mara,Kare,Mara.Kare@yopmail.com
579,Jackie,Fontana,Jackie.Fontana@yopmail.com
580,Dorice,Milson,Dorice.Milson@yopmail.com
581,Rosanne,Center,Rosanne.Center@yopmail.com
582,Kamilah,Shaver,Kamilah.Shaver@yopmail.com
583,Julieta,Tufts,Julieta.Tufts@yopmail.com
584,Nataline,Janith,Nataline.Janith@yopmail.com
585,Ilse,Saint,Ilse.Saint@yopmail.com
586,Mary,Diann,Mary.Diann@yopmail.com
587,Amalie,Eno,Amalie.Eno@yopmail.com
588,Odessa,Ventre,Odessa.Ventre@yopmail.com
589,Cherrita,Jalbert,Cherrita.Jalbert@yopmail.com
590,Janey,Ursulette,Janey.Ursulette@yopmail.com
591,Siana,Matthew,Siana.Matthew@yopmail.com
592,Charlena,Wiener,Charlena.Wiener@yopmail.com
593,Kamilah,Charmine,Kamilah.Charmine@yopmail.com
594,Letizia,Chaing,Letizia.Chaing@yopmail.com
595,Elka,Tomasina,Elka.Tomasina@yopmail.com
596,Gilda,Poll,Gilda.Poll@yopmail.com
597,Damaris,Philoo,Damaris.Philoo@yopmail.com
598,Aimil,Margret,Aimil.Margret@yopmail.com
599,Sindee,Gibbeon,Sindee.Gibbeon@yopmail.com
600,Feliza,Eno,Feliza.Eno@yopmail.com
601,Marylou,Dyche,Marylou.Dyche@yopmail.com
602,Marleah,Gualtiero,Marleah.Gualtiero@yopmail.com
603,Ingrid,Gabrielli,Ingrid.Gabrielli@yopmail.com
604,Bobbi,Dominy,Bobbi.Dominy@yopmail.com
605,Lily,Warthman,Lily.Warthman@yopmail.com
606,Selma,Marcellus,Selma.Marcellus@yopmail.com
607,Gilda,Bashemeth,Gilda.Bashemeth@yopmail.com
608,Tori,Tyson,Tori.Tyson@yopmail.com
609,Jany,Amasa,Jany.Amasa@yopmail.com
610,Amalie,Stacy,Amalie.Stacy@yopmail.com
611,Alia,Carleen,Alia.Carleen@yopmail.com
612,Kary,Kamaria,Kary.Kamaria@yopmail.com
613,Tomasina,Eiser,Tomasina.Eiser@yopmail.com
614,Raina,Saunderson,Raina.Saunderson@yopmail.com
615,Ivett,Faro,Ivett.Faro@yopmail.com
616,Rhoda,Wandie,Rhoda.Wandie@yopmail.com
617,Kathi,Lymann,Kathi.Lymann@yopmail.com
618,Lulita,Jefferey,Lulita.Jefferey@yopmail.com
619,Dotty,Minetta,Dotty.Minetta@yopmail.com
620,Harmonia,Holbrook,Harmonia.Holbrook@yopmail.com
621,Danika,Carvey,Danika.Carvey@yopmail.com
622,Sue,Haymes,Sue.Haymes@yopmail.com
623,Anestassia,Lowry,Anestassia.Lowry@yopmail.com
624,Chloris,Land,Chloris.Land@yopmail.com
625,Nerta,Tryck,Nerta.Tryck@yopmail.com
626,Kalina,Chick,Kalina.Chick@yopmail.com
627,Claresta,Bebe,Claresta.Bebe@yopmail.com
628,Ermengarde,Cornelia,Ermengarde.Cornelia@yopmail.com
629,Kassey,Schwejda,Kassey.Schwejda@yopmail.com
630,Bee,Rossner,Bee.Rossner@yopmail.com
631,Fanchon,Bearnard,Fanchon.Bearnard@yopmail.com
632,Jorry,Anton,Jorry.Anton@yopmail.com
633,Jaime,Stanwood,Jaime.Stanwood@yopmail.com
634,Constance,Bibi,Constance.Bibi@yopmail.com
635,Arabel,Yuille,Arabel.Yuille@yopmail.com
636,Joy,Merna,Joy.Merna@yopmail.com
637,Meghann,Eldrid,Meghann.Eldrid@yopmail.com
638,Genevra,Girardo,Genevra.Girardo@yopmail.com
639,Jessamyn,Behre,Jessamyn.Behre@yopmail.com
640,Alisha,Buttaro,Alisha.Buttaro@yopmail.com
641,Paule,Lail,Paule.Lail@yopmail.com
642,Gusella,Prober,Gusella.Prober@yopmail.com
643,Gusella,Chauncey,Gusella.Chauncey@yopmail.com
644,Florie,Rolf,Florie.Rolf@yopmail.com
645,Celene,Solitta,Celene.Solitta@yopmail.com
646,Amara,Donell,Amara.Donell@yopmail.com
647,Lynea,Johnsson,Lynea.Johnsson@yopmail.com
648,Estell,Suzetta,Estell.Suzetta@yopmail.com
649,Chere,Duwalt,Chere.Duwalt@yopmail.com
650,Dennie,Colbert,Dennie.Colbert@yopmail.com
651,Claresta,Lareena,Claresta.Lareena@yopmail.com
652,Ida,Vivle,Ida.Vivle@yopmail.com
653,Fredericka,Lalitta,Fredericka.Lalitta@yopmail.com
654,Lynea,Terencio,Lynea.Terencio@yopmail.com
655,Karlee,Lissi,Karlee.Lissi@yopmail.com
656,Ekaterina,Anastatius,Ekaterina.Anastatius@yopmail.com
657,Darlleen,Teryn,Darlleen.Teryn@yopmail.com
658,Merrie,Publia,Merrie.Publia@yopmail.com
659,Mildrid,Cyrie,Mildrid.Cyrie@yopmail.com
660,Roslyn,Mandler,Roslyn.Mandler@yopmail.com
661,Raquela,Estella,Raquela.Estella@yopmail.com
662,Jorry,Pascia,Jorry.Pascia@yopmail.com
663,Ardenia,Nerita,Ardenia.Nerita@yopmail.com
664,Ada,Carbo,Ada.Carbo@yopmail.com
665,Perry,Dunkin,Perry.Dunkin@yopmail.com
666,Stephanie,Gert,Stephanie.Gert@yopmail.com
667,Sheelagh,Infield,Sheelagh.Infield@yopmail.com
668,Gilda,Kussell,Gilda.Kussell@yopmail.com
669,Britni,Woodberry,Britni.Woodberry@yopmail.com
670,Fanchon,Elsinore,Fanchon.Elsinore@yopmail.com
671,Lucille,Elvyn,Lucille.Elvyn@yopmail.com
672,Nickie,Olin,Nickie.Olin@yopmail.com
673,Robbi,Yam,Robbi.Yam@yopmail.com
674,Reeba,Chapland,Reeba.Chapland@yopmail.com
675,Sidoney,Dawkins,Sidoney.Dawkins@yopmail.com
676,Elise,Toor,Elise.Toor@yopmail.com
677,Hildegaard,Jillane,Hildegaard.Jillane@yopmail.com
678,Catharine,Sadowski,Catharine.Sadowski@yopmail.com
679,Carlie,Rese,Carlie.Rese@yopmail.com
680,Charissa,Swigart,Charissa.Swigart@yopmail.com
681,Konstance,Chandler,Konstance.Chandler@yopmail.com
682,Katleen,Bergman,Katleen.Bergman@yopmail.com
683,Aimil,Gino,Aimil.Gino@yopmail.com
684,Dulce,Lutero,Dulce.Lutero@yopmail.com
685,Renie,Merat,Renie.Merat@yopmail.com
686,Madelle,Wildermuth,Madelle.Wildermuth@yopmail.com
687,Jessamyn,Billye,Jessamyn.Billye@yopmail.com
688,Randa,Hertzfeld,Randa.Hertzfeld@yopmail.com
689,Helsa,Robertson,Helsa.Robertson@yopmail.com
690,Binny,Love,Binny.Love@yopmail.com
691,Meg,Giule,Meg.Giule@yopmail.com
692,Ellette,Sidonius,Ellette.Sidonius@yopmail.com
693,Zsa Zsa,Thomasina,Zsa Zsa.Thomasina@yopmail.com
694,Fanchon,Dermott,Fanchon.Dermott@yopmail.com
695,Priscilla,Tjon,Priscilla.Tjon@yopmail.com
696,Korrie,Adore,Korrie.Adore@yopmail.com
697,Morganica,Firmin,Morganica.Firmin@yopmail.com
698,Constance,Desai,Constance.Desai@yopmail.com
699,Ekaterina,Angelis,Ekaterina.Angelis@yopmail.com
700,Marleah,Leifeste,Marleah.Leifeste@yopmail.com
701,Wynne,Sabella,Wynne.Sabella@yopmail.com
702,Mathilda,Bultman,Mathilda.Bultman@yopmail.com
703,Caryl,Merat,Caryl.Merat@yopmail.com
704,Annice,Lunsford,Annice.Lunsford@yopmail.com
705,Florencia,Dash,Florencia.Dash@yopmail.com
706,Kate,Peti,Kate.Peti@yopmail.com
707,Maryellen,Georas,Maryellen.Georas@yopmail.com
708,Alleen,Bivins,Alleen.Bivins@yopmail.com
709,Feliza,Chandler,Feliza.Chandler@yopmail.com
710,Adele,Agle,Adele.Agle@yopmail.com
711,Dorene,Wind,Dorene.Wind@yopmail.com
712,Caressa,Pascia,Caressa.Pascia@yopmail.com
713,Abbie,Lay,Abbie.Lay@yopmail.com
714,Tera,Rustice,Tera.Rustice@yopmail.com
715,Magdalena,Candy,Magdalena.Candy@yopmail.com
716,Lulita,Argus,Lulita.Argus@yopmail.com
717,Babita,Katrine,Babita.Katrine@yopmail.com
718,Netty,Felecia,Netty.Felecia@yopmail.com
719,Sue,Hubert,Sue.Hubert@yopmail.com
720,Ketti,Nerita,Ketti.Nerita@yopmail.com
721,Brianna,Winthorpe,Brianna.Winthorpe@yopmail.com
722,Rhea,Bury,Rhea.Bury@yopmail.com
723,Ofilia,Kolnick,Ofilia.Kolnick@yopmail.com
724,Jordan,Lowry,Jordan.Lowry@yopmail.com
725,Winny,Remmer,Winny.Remmer@yopmail.com
726,Linzy,Trey,Linzy.Trey@yopmail.com
727,Pollyanna,Brittani,Pollyanna.Brittani@yopmail.com
728,Wynne,Clara,Wynne.Clara@yopmail.com
729,Devina,Fiester,Devina.Fiester@yopmail.com
730,Rani,Callista,Rani.Callista@yopmail.com
731,Blinni,Noman,Blinni.Noman@yopmail.com
732,Anica,Connelly,Anica.Connelly@yopmail.com
733,Molli,Hessler,Molli.Hessler@yopmail.com
734,Ardys,Idelia,Ardys.Idelia@yopmail.com
735,Tiffie,Ioab,Tiffie.Ioab@yopmail.com
736,Nessie,Hieronymus,Nessie.Hieronymus@yopmail.com
737,Tonia,Roscoe,Tonia.Roscoe@yopmail.com
738,Tobe,Pauly,Tobe.Pauly@yopmail.com
739,Mary,Zenas,Mary.Zenas@yopmail.com
740,Isa,Verger,Isa.Verger@yopmail.com
741,Alexine,Hilbert,Alexine.Hilbert@yopmail.com
742,Leeanne,McGrody,Leeanne.McGrody@yopmail.com
743,Donetta,Lytton,Donetta.Lytton@yopmail.com
744,Merle,Auberbach,Merle.Auberbach@yopmail.com
745,Melanie,Serilda,Melanie.Serilda@yopmail.com
746,Shauna,Shields,Shauna.Shields@yopmail.com
747,Candy,Alwin,Candy.Alwin@yopmail.com
748,Brynna,Alwin,Brynna.Alwin@yopmail.com
749,Henriette,Destinee,Henriette.Destinee@yopmail.com
750,Nicoli,Barbey,Nicoli.Barbey@yopmail.com
751,Verla,Roscoe,Verla.Roscoe@yopmail.com
752,Margalo,Adore,Margalo.Adore@yopmail.com
753,Augustine,Dichy,Augustine.Dichy@yopmail.com
754,Aili,Jorgan,Aili.Jorgan@yopmail.com
755,Gabi,Mike,Gabi.Mike@yopmail.com
756,Dorothy,Kirstin,Dorothy.Kirstin@yopmail.com
757,Hannis,Gahl,Hannis.Gahl@yopmail.com
758,Lorenza,Huggins,Lorenza.Huggins@yopmail.com
759,Marline,McClimans,Marline.McClimans@yopmail.com
760,Corina,Podvin,Corina.Podvin@yopmail.com
761,Rori,Rolf,Rori.Rolf@yopmail.com
762,Robinia,Atcliffe,Robinia.Atcliffe@yopmail.com
763,Trudie,Noelyn,Trudie.Noelyn@yopmail.com
764,Ninnetta,Verger,Ninnetta.Verger@yopmail.com
765,Stacey,Oscar,Stacey.Oscar@yopmail.com
766,Winifred,Goerke,Winifred.Goerke@yopmail.com
767,Heddie,Gusella,Heddie.Gusella@yopmail.com
768,Bobbi,Eben,Bobbi.Eben@yopmail.com
769,Olwen,Eugenia,Olwen.Eugenia@yopmail.com
770,Allis,Lane,Allis.Lane@yopmail.com
771,Karlee,Braun,Karlee.Braun@yopmail.com
772,Sissy,Wind,Sissy.Wind@yopmail.com
773,Ronna,Llovera,Ronna.Llovera@yopmail.com
774,Katharina,Doig,Katharina.Doig@yopmail.com
775,Aubrie,Carmena,Aubrie.Carmena@yopmail.com
776,Jessy,Edvard,Jessy.Edvard@yopmail.com
777,Aeriela,Rona,Aeriela.Rona@yopmail.com
778,Paola,Garrison,Paola.Garrison@yopmail.com
779,Debee,Tryck,Debee.Tryck@yopmail.com
780,Clo,Allina,Clo.Allina@yopmail.com
781,Janenna,Allys,Janenna.Allys@yopmail.com
782,Jasmina,Phaidra,Jasmina.Phaidra@yopmail.com
783,Nikki,Riordan,Nikki.Riordan@yopmail.com
784,Kirbee,Gunn,Kirbee.Gunn@yopmail.com
785,Cacilie,Schalles,Cacilie.Schalles@yopmail.com
786,Lindie,Lumbard,Lindie.Lumbard@yopmail.com
787,Jordan,Annice,Jordan.Annice@yopmail.com
788,Rhea,Nunci,Rhea.Nunci@yopmail.com
789,Trixi,Prouty,Trixi.Prouty@yopmail.com
790,Marsiella,Cimbura,Marsiella.Cimbura@yopmail.com
791,Goldie,Ricarda,Goldie.Ricarda@yopmail.com
792,Minne,Gavrila,Minne.Gavrila@yopmail.com
793,Edyth,Delp,Edyth.Delp@yopmail.com
794,Kellen,Yuille,Kellen.Yuille@yopmail.com
795,Riannon,Lenny,Riannon.Lenny@yopmail.com
796,Penelopa,Malvino,Penelopa.Malvino@yopmail.com
797,Althea,Urania,Althea.Urania@yopmail.com
798,Cherilyn,Oscar,Cherilyn.Oscar@yopmail.com
799,Rayna,Braun,Rayna.Braun@yopmail.com
800,Sonni,Palocz,Sonni.Palocz@yopmail.com
801,Lacie,Harl,Lacie.Harl@yopmail.com
802,Caritta,Nelsen,Caritta.Nelsen@yopmail.com
803,Sashenka,Peonir,Sashenka.Peonir@yopmail.com
804,Robbi,Guildroy,Robbi.Guildroy@yopmail.com
805,Wileen,Xerxes,Wileen.Xerxes@yopmail.com
806,Hollie,Peg,Hollie.Peg@yopmail.com
807,Dominga,Torray,Dominga.Torray@yopmail.com
808,Augustine,Georgy,Augustine.Georgy@yopmail.com
809,Glenda,Milson,Glenda.Milson@yopmail.com
810,Annecorinne,Letsou,Annecorinne.Letsou@yopmail.com
811,Dede,Gordon,Dede.Gordon@yopmail.com
812,Kristan,Tice,Kristan.Tice@yopmail.com
813,Marsiella,Bouchard,Marsiella.Bouchard@yopmail.com
814,Ingrid,Cristi,Ingrid.Cristi@yopmail.com
815,Justinn,Carvey,Justinn.Carvey@yopmail.com
816,Chandra,Ortrude,Chandra.Ortrude@yopmail.com
817,Marti,Cordi,Marti.Cordi@yopmail.com
818,Millie,Diogenes,Millie.Diogenes@yopmail.com
819,Carol-Jean,Parsaye,Carol-Jean.Parsaye@yopmail.com
820,Tersina,Abernon,Tersina.Abernon@yopmail.com
821,Danika,Verger,Danika.Verger@yopmail.com
822,Rubie,Salchunas,Rubie.Salchunas@yopmail.com
823,Lonnie,Wattenberg,Lonnie.Wattenberg@yopmail.com
824,Mallory,Dorine,Mallory.Dorine@yopmail.com
825,Estell,Merell,Estell.Merell@yopmail.com
826,Chickie,Rudolph,Chickie.Rudolph@yopmail.com
827,Arlina,Winthorpe,Arlina.Winthorpe@yopmail.com
828,Dede,Huggins,Dede.Huggins@yopmail.com
829,Cindelyn,Simmonds,Cindelyn.Simmonds@yopmail.com
830,Almeta,Regan,Almeta.Regan@yopmail.com
831,Vita,Ammann,Vita.Ammann@yopmail.com
832,Odessa,Rocray,Odessa.Rocray@yopmail.com
833,Rosanne,Merat,Rosanne.Merat@yopmail.com
834,Maud,Talia,Maud.Talia@yopmail.com
835,Stephanie,Manolo,Stephanie.Manolo@yopmail.com
836,Orelia,Lemuela,Orelia.Lemuela@yopmail.com
837,Correy,Cordi,Correy.Cordi@yopmail.com
838,Gusty,Fitzsimmons,Gusty.Fitzsimmons@yopmail.com
839,Eve,Ardra,Eve.Ardra@yopmail.com
840,Mariann,Konyn,Mariann.Konyn@yopmail.com
841,Odessa,Astra,Odessa.Astra@yopmail.com
842,Orelia,Lareena,Orelia.Lareena@yopmail.com
843,Yolane,Zenas,Yolane.Zenas@yopmail.com
844,Susette,Wattenberg,Susette.Wattenberg@yopmail.com
845,Oona,Rooney,Oona.Rooney@yopmail.com
846,Shaylyn,Adrienne,Shaylyn.Adrienne@yopmail.com
847,Laure,Bandeen,Laure.Bandeen@yopmail.com
848,Theodora,Zamora,Theodora.Zamora@yopmail.com
849,Donetta,Audly,Donetta.Audly@yopmail.com
850,Maisey,Timon,Maisey.Timon@yopmail.com
851,Claresta,Drisko,Claresta.Drisko@yopmail.com
852,Kathi,Eiser,Kathi.Eiser@yopmail.com
853,Sabina,Chick,Sabina.Chick@yopmail.com
854,Cherrita,Narton,Cherrita.Narton@yopmail.com
855,Lindie,Lesley,Lindie.Lesley@yopmail.com
856,Jorry,Linehan,Jorry.Linehan@yopmail.com
857,Robbi,Ackerley,Robbi.Ackerley@yopmail.com
858,Elka,Israeli,Elka.Israeli@yopmail.com
859,Dacia,Letsou,Dacia.Letsou@yopmail.com
860,Karly,Ovid,Karly.Ovid@yopmail.com
861,Fawne,Pip,Fawne.Pip@yopmail.com
862,Madelle,Niccolo,Madelle.Niccolo@yopmail.com
863,Aurelie,Marlie,Aurelie.Marlie@yopmail.com
864,Lelah,Hartnett,Lelah.Hartnett@yopmail.com
865,Carmela,Barney,Carmela.Barney@yopmail.com
866,Ilse,Kermit,Ilse.Kermit@yopmail.com
867,Maridel,Phyllis,Maridel.Phyllis@yopmail.com
868,Henriette,Casimir,Henriette.Casimir@yopmail.com
869,Modestia,Chaing,Modestia.Chaing@yopmail.com
870,Tarra,Nester,Tarra.Nester@yopmail.com
871,Juliane,Obed,Juliane.Obed@yopmail.com
872,Celene,Jorgan,Celene.Jorgan@yopmail.com
873,Alex,Aprile,Alex.Aprile@yopmail.com
874,Ardeen,Mallon,Ardeen.Mallon@yopmail.com
875,Thalia,Tarrant,Thalia.Tarrant@yopmail.com
876,Caritta,Aldric,Caritta.Aldric@yopmail.com
877,Evita,Mauer,Evita.Mauer@yopmail.com
878,Emelina,Edee,Emelina.Edee@yopmail.com
879,Rosaline,Ardeha,Rosaline.Ardeha@yopmail.com
880,Mary,Rillings,Mary.Rillings@yopmail.com
881,Sybille,Jaylene,Sybille.Jaylene@yopmail.com
882,Bill,Elvyn,Bill.Elvyn@yopmail.com
883,Ira,Johanna,Ira.Johanna@yopmail.com
884,Jenda,Gladstone,Jenda.Gladstone@yopmail.com
885,Latisha,Nisbet,Latisha.Nisbet@yopmail.com
886,Quintina,Magnolia,Quintina.Magnolia@yopmail.com
887,Calla,Baudin,Calla.Baudin@yopmail.com
888,Cassandra,Keelia,Cassandra.Keelia@yopmail.com
889,Misha,Kosey,Misha.Kosey@yopmail.com
890,Margalo,Chauncey,Margalo.Chauncey@yopmail.com
891,Joceline,Pascia,Joceline.Pascia@yopmail.com
892,Brooks,Sherrie,Brooks.Sherrie@yopmail.com
893,Etta,Winthorpe,Etta.Winthorpe@yopmail.com
894,Betta,Arley,Betta.Arley@yopmail.com
895,Stacey,Isacco,Stacey.Isacco@yopmail.com
896,Chandra,Rad,Chandra.Rad@yopmail.com
897,Brietta,Lunsford,Brietta.Lunsford@yopmail.com
898,Shannah,Ajay,Shannah.Ajay@yopmail.com
899,Consuela,Elisha,Consuela.Elisha@yopmail.com
900,Zsa Zsa,Leler,Zsa Zsa.Leler@yopmail.com
901,Claresta,Hewitt,Claresta.Hewitt@yopmail.com
902,Taffy,Cosenza,Taffy.Cosenza@yopmail.com
903,Corry,Iphlgenia,Corry.Iphlgenia@yopmail.com
904,Gerrie,Lenny,Gerrie.Lenny@yopmail.com
905,Sibella,Swigart,Sibella.Swigart@yopmail.com
906,Madeleine,Christine,Madeleine.Christine@yopmail.com
907,Nicoli,Emanuel,Nicoli.Emanuel@yopmail.com
908,Annaliese,Sophronia,Annaliese.Sophronia@yopmail.com
909,Helsa,Kress,Helsa.Kress@yopmail.com
910,Sue,Chinua,Sue.Chinua@yopmail.com
911,Meghann,Prouty,Meghann.Prouty@yopmail.com
912,Celene,Vins,Celene.Vins@yopmail.com
913,Averyl,Colp,Averyl.Colp@yopmail.com
914,Lisette,Rhu,Lisette.Rhu@yopmail.com
915,Maud,Craggie,Maud.Craggie@yopmail.com
916,Lenna,Vharat,Lenna.Vharat@yopmail.com
917,Evita,McClimans,Evita.McClimans@yopmail.com
918,Pierette,Suanne,Pierette.Suanne@yopmail.com
919,Marti,Konyn,Marti.Konyn@yopmail.com
920,Mellicent,Kussell,Mellicent.Kussell@yopmail.com
921,Verla,Corrine,Verla.Corrine@yopmail.com
922,Benita,Blisse,Benita.Blisse@yopmail.com
923,Rori,Dowski,Rori.Dowski@yopmail.com
924,Philis,Zola,Philis.Zola@yopmail.com
925,Janey,Anderea,Janey.Anderea@yopmail.com
926,Elora,Uird,Elora.Uird@yopmail.com
927,Ernesta,Muriel,Ernesta.Muriel@yopmail.com
928,Arlena,Karl,Arlena.Karl@yopmail.com
929,Benita,Toffic,Benita.Toffic@yopmail.com
930,Dorothy,Keelia,Dorothy.Keelia@yopmail.com
931,Margarette,Adalbert,Margarette.Adalbert@yopmail.com
932,Katharina,Liva,Katharina.Liva@yopmail.com
933,Briney,Neva,Briney.Neva@yopmail.com
934,Dianemarie,Bronk,Dianemarie.Bronk@yopmail.com
935,Aurelie,Stover,Aurelie.Stover@yopmail.com
936,Stevana,Yoko,Stevana.Yoko@yopmail.com
937,Cacilie,Roscoe,Cacilie.Roscoe@yopmail.com
938,Rebeca,Cressida,Rebeca.Cressida@yopmail.com
939,Silvana,Dahlia,Silvana.Dahlia@yopmail.com
940,Codie,Konyn,Codie.Konyn@yopmail.com
941,Tamqrah,Sancho,Tamqrah.Sancho@yopmail.com
942,Marinna,Ephrem,Marinna.Ephrem@yopmail.com
943,Nelle,Campball,Nelle.Campball@yopmail.com
944,Marylou,Sekofski,Marylou.Sekofski@yopmail.com
945,Lizzie,Annabella,Lizzie.Annabella@yopmail.com
946,Caryl,Kaete,Caryl.Kaete@yopmail.com
947,Trixi,Rubie,Trixi.Rubie@yopmail.com
948,Clary,Ferino,Clary.Ferino@yopmail.com
949,Rubie,Westphal,Rubie.Westphal@yopmail.com
950,Calla,Fadiman,Calla.Fadiman@yopmail.com
951,Patricia,Rossner,Patricia.Rossner@yopmail.com
952,Zondra,Brittani,Zondra.Brittani@yopmail.com
953,Liana,Johanna,Liana.Johanna@yopmail.com
954,Lorenza,Jeanne,Lorenza.Jeanne@yopmail.com
955,Cissiee,Bendick,Cissiee.Bendick@yopmail.com
956,Evita,Eldrid,Evita.Eldrid@yopmail.com
957,Grier,Maryanne,Grier.Maryanne@yopmail.com
958,Dulcinea,Skell,Dulcinea.Skell@yopmail.com
959,Kayla,Harday,Kayla.Harday@yopmail.com
960,Ida,Giule,Ida.Giule@yopmail.com
961,Rivalee,Tacye,Rivalee.Tacye@yopmail.com
962,Susette,Marisa,Susette.Marisa@yopmail.com
963,Beverley,Etom,Beverley.Etom@yopmail.com
964,Cacilie,Sinegold,Cacilie.Sinegold@yopmail.com
965,Caressa,McClimans,Caressa.McClimans@yopmail.com
966,Asia,Lacombe,Asia.Lacombe@yopmail.com
967,Livvyy,Erich,Livvyy.Erich@yopmail.com
968,Gisela,Bultman,Gisela.Bultman@yopmail.com
969,Jan,Dex,Jan.Dex@yopmail.com
970,Lanae,Hourigan,Lanae.Hourigan@yopmail.com
971,Siana,Jalbert,Siana.Jalbert@yopmail.com
972,Jessamyn,Douglass,Jessamyn.Douglass@yopmail.com
973,Hayley,Narton,Hayley.Narton@yopmail.com
974,Caryl,Konyn,Caryl.Konyn@yopmail.com
975,Alisha,Horan,Alisha.Horan@yopmail.com
976,Mamie,Gilbertson,Mamie.Gilbertson@yopmail.com
977,Layla,Richers,Layla.Richers@yopmail.com
978,Babita,Ephrem,Babita.Ephrem@yopmail.com
979,Fanny,Elisha,Fanny.Elisha@yopmail.com
980,Kristan,Weinreb,Kristan.Weinreb@yopmail.com
981,Cristabel,Naor,Cristabel.Naor@yopmail.com
982,Joleen,Bennie,Joleen.Bennie@yopmail.com
983,Minne,Jaylene,Minne.Jaylene@yopmail.com
984,Gale,Dreda,Gale.Dreda@yopmail.com
985,Orsola,Therine,Orsola.Therine@yopmail.com
986,Gilligan,Bahr,Gilligan.Bahr@yopmail.com
987,Tamqrah,Iphlgenia,Tamqrah.Iphlgenia@yopmail.com
988,Carilyn,Wooster,Carilyn.Wooster@yopmail.com
989,Ninnetta,Malanie,Ninnetta.Malanie@yopmail.com
990,Vevay,Pearse,Vevay.Pearse@yopmail.com
991,Hannis,Anastatius,Hannis.Anastatius@yopmail.com
992,Cindelyn,Revkah,Cindelyn.Revkah@yopmail.com
993,Zsa Zsa,Couture,Zsa Zsa.Couture@yopmail.com
994,Winny,Chauncey,Winny.Chauncey@yopmail.com
995,Kaja,Stuart,Kaja.Stuart@yopmail.com
996,Aurore,Kalinda,Aurore.Kalinda@yopmail.com
997,Zondra,Mich,Zondra.Mich@yopmail.com
998,Lucille,Terrence,Lucille.Terrence@yopmail.com
999,Kate,Carmena,Kate.Carmena@yopmail.com
1000,Marnia,Larochelle,Marnia.Larochelle@yopmail.com
1001,Chrystel,Gilbertson,Chrystel.Gilbertson@yopmail.com
1002,Nikki,Ricarda,Nikki.Ricarda@yopmail.com
1003,Augustine,Isidore,Augustine.Isidore@yopmail.com
1004,Chrystel,Chinua,Chrystel.Chinua@yopmail.com
1005,Ayn,Jalbert,Ayn.Jalbert@yopmail.com
1006,Flo,Gregrory,Flo.Gregrory@yopmail.com
1007,Melanie,Frendel,Melanie.Frendel@yopmail.com
1008,Elora,Thad,Elora.Thad@yopmail.com
1009,Kassey,Colp,Kassey.Colp@yopmail.com
1010,Nelle,Ralfston,Nelle.Ralfston@yopmail.com
1011,Sam,Elephus,Sam.Elephus@yopmail.com
1012,Damaris,Girardo,Damaris.Girardo@yopmail.com
1013,Ketti,Helve,Ketti.Helve@yopmail.com
1014,Liana,Rogerio,Liana.Rogerio@yopmail.com
1015,Viviene,Hachmin,Viviene.Hachmin@yopmail.com
1016,Deedee,Lattie,Deedee.Lattie@yopmail.com
1017,Patricia,Yerkovich,Patricia.Yerkovich@yopmail.com
1018,Keelia,Nunci,Keelia.Nunci@yopmail.com
1019,Vere,Alrich,Vere.Alrich@yopmail.com
1020,Rosene,Roscoe,Rosene.Roscoe@yopmail.com
1021,Adore,Reneta,Adore.Reneta@yopmail.com
1022,Jenilee,Gaal,Jenilee.Gaal@yopmail.com
1023,Blondelle,My,Blondelle.My@yopmail.com
1024,Jan,Haymes,Jan.Haymes@yopmail.com
1025,Madeleine,Sacken,Madeleine.Sacken@yopmail.com
1026,Britte,Bluh,Britte.Bluh@yopmail.com
1027,Miquela,Braun,Miquela.Braun@yopmail.com
1028,Tressa,Munn,Tressa.Munn@yopmail.com
1029,Brena,Billye,Brena.Billye@yopmail.com
1030,Lacie,Merell,Lacie.Merell@yopmail.com
1031,Janenna,Valerio,Janenna.Valerio@yopmail.com
1032,Sue,Erskine,Sue.Erskine@yopmail.com
1033,Dacia,Wittie,Dacia.Wittie@yopmail.com
1034,Kimberley,Suzetta,Kimberley.Suzetta@yopmail.com
1035,Gilligan,Fitzsimmons,Gilligan.Fitzsimmons@yopmail.com
1036,Elora,Nelsen,Elora.Nelsen@yopmail.com
1037,Cristabel,Sothena,Cristabel.Sothena@yopmail.com
1038,Lauryn,Diann,Lauryn.Diann@yopmail.com
1039,Steffane,Fiester,Steffane.Fiester@yopmail.com
1040,Glenda,Ovid,Glenda.Ovid@yopmail.com
1041,Aurelie,Allare,Aurelie.Allare@yopmail.com
1042,Rani,Maroney,Rani.Maroney@yopmail.com
1043,Deane,Bertold,Deane.Bertold@yopmail.com
1044,Fred,Haerr,Fred.Haerr@yopmail.com
1045,Cassandra,Auberbach,Cassandra.Auberbach@yopmail.com
1046,Jinny,Pacorro,Jinny.Pacorro@yopmail.com
1047,Karlee,Judye,Karlee.Judye@yopmail.com
1048,Tani,Jacobah,Tani.Jacobah@yopmail.com
1049,Korrie,Avi,Korrie.Avi@yopmail.com
1050,Belva,Sallyann,Belva.Sallyann@yopmail.com
1051,Dianemarie,Agle,Dianemarie.Agle@yopmail.com
1052,Marinna,Schwejda,Marinna.Schwejda@yopmail.com
1053,Aubrie,Cath,Aubrie.Cath@yopmail.com
1054,Romona,Daveta,Romona.Daveta@yopmail.com
1055,Gusella,Screens,Gusella.Screens@yopmail.com
1056,Dianemarie,Tice,Dianemarie.Tice@yopmail.com
1057,Gretal,Drus,Gretal.Drus@yopmail.com
1058,Melodie,Martsen,Melodie.Martsen@yopmail.com
1059,Mady,Hanshaw,Mady.Hanshaw@yopmail.com
1060,Ileana,Bates,Ileana.Bates@yopmail.com
1061,Damaris,Jammal,Damaris.Jammal@yopmail.com
1062,Brena,Francene,Brena.Francene@yopmail.com
1063,Fayre,Maryanne,Fayre.Maryanne@yopmail.com
1064,Magdalena,Chobot,Magdalena.Chobot@yopmail.com
1065,Valera,Destinee,Valera.Destinee@yopmail.com
1066,Nerta,Jess,Nerta.Jess@yopmail.com
1067,Marita,Lorenz,Marita.Lorenz@yopmail.com
1068,Blinni,Lucienne,Blinni.Lucienne@yopmail.com
1069,Bernie,Seagraves,Bernie.Seagraves@yopmail.com
1070,Orelia,Konyn,Orelia.Konyn@yopmail.com
1071,Anestassia,Penelopa,Anestassia.Penelopa@yopmail.com
1072,Lizzie,Magdalen,Lizzie.Magdalen@yopmail.com
1073,Layla,Othilia,Layla.Othilia@yopmail.com
1074,Danny,Magdalen,Danny.Magdalen@yopmail.com
1075,Kirbee,Nedrud,Kirbee.Nedrud@yopmail.com
1076,Ethel,Aurelio,Ethel.Aurelio@yopmail.com
1077,Gilligan,Baptlsta,Gilligan.Baptlsta@yopmail.com
1078,Dale,Jaylene,Dale.Jaylene@yopmail.com
1079,Melanie,O'Neill,Melanie.O'Neill@yopmail.com
1080,Perry,Lail,Perry.Lail@yopmail.com
1081,Tina,Lorain,Tina.Lorain@yopmail.com
1082,Chickie,Smitt,Chickie.Smitt@yopmail.com
1083,Arabel,Rudolph,Arabel.Rudolph@yopmail.com
1084,Corene,Morrill,Corene.Morrill@yopmail.com
1085,Ofilia,Vanni,Ofilia.Vanni@yopmail.com
1086,Therine,Rogerio,Therine.Rogerio@yopmail.com
1087,Micheline,Nicoline,Micheline.Nicoline@yopmail.com
1088,Roberta,Kauppi,Roberta.Kauppi@yopmail.com
1089,Rochette,Saunderson,Rochette.Saunderson@yopmail.com
1090,Edith,Sacken,Edith.Sacken@yopmail.com
1091,Maryellen,Peti,Maryellen.Peti@yopmail.com
1092,Elie,Martguerita,Elie.Martguerita@yopmail.com
1093,Cam,Clie,Cam.Clie@yopmail.com
1094,Willetta,Felecia,Willetta.Felecia@yopmail.com
1095,Minda,Bearnard,Minda.Bearnard@yopmail.com
1096,Evaleen,Pyle,Evaleen.Pyle@yopmail.com
1097,Carol-Jean,Frodi,Carol-Jean.Frodi@yopmail.com
1098,Korrie,Levey,Korrie.Levey@yopmail.com
1099,Angelique,Eldrid,Angelique.Eldrid@yopmail.com